Company,Website,Privacy Policy URL,Status,Text Length
Facebook,https://facebook.com,,policy_not_found,0
Youtube,https://youtube.com,https://youtube.com/t/privacy,success,50023
Google,https://google.com,https://policies.google.com/privacy?hl=en-IN&fg=1,success,50023
Amazon,https://amazon.com,https://www.amazon.com/gp/help/customer/display.html/ref=footer_privacy?ie=UTF8&nodeId=468496,text_extraction_failed,0
Wikipedia,https://wikipedia.org,https://foundation.wikimedia.org/wiki/Special:MyLanguage/Policy:Privacy_policy,success,50023
Twitter,https://twitter.com,https://twitter.com/privacy,success,50023
Linkedin,https://linkedin.com,https://linkedin.com/legal/privacy-policy?trk=linkedin-tc_auth-button_privacy-policy,success,41852
Instagram,https://instagram.com,,policy_not_found,0
Apple,https://apple.com,https://apple.com/privacy/,success,11887
Netflix,https://netflix.com,https://help.netflix.com/legal/privacy,success,50023
Microsoft,https://microsoft.com,https://privacy.microsoft.com/en-us,success,4616
Whatsapp,https://whatsapp.com,,policy_not_found,0
Tiktok,https://tiktok.com,,policy_not_found,0
Reddit,https://reddit.com,https://www.reddit.com/policies/privacy-policy,success,37756
Yahoo,https://yahoo.com,https://guce.yahoo.com/privacy-policy?locale=en-US,success,18539
Bing,https://bing.com,,policy_not_found,0
Zoom,https://zoom.us,,policy_not_found,0
Ebay,https://ebay.com,https://www.ebay.com/help/policies/member-behaviour-policies/user-privacy-notice-privacy-policy?id=4260,success,50023
Live,https://live.com,https://privacy.microsoft.com/en-us,success,4616
Office,https://office.com,https://privacy.microsoft.com/en-us,success,4616
Stackoverflow,https://stackoverflow.com,https://stackoverflow.com/legal/privacy-policy,success,50023
Spotify,https://spotify.com,,policy_not_found,0
Imdb,https://imdb.com,https://imdb.com/privacy/?ref_=hm_ftr,success,50023
Cnn,https://cnn.com,https://cnn.com/2025/07/16/tech/facebook-privacy-practices-trial-zuckerberg,success,3119
Quora,https://quora.com,,policy_not_found,0
Bbc,https://bbc.com,https://bbc.com/news/articles/cx2jmledvr3o,success,3270
Paypal,https://paypal.com,https://www.paypal.com/myaccount/privacy/cookiePrefs,text_extraction_failed,0
Dropbox,https://dropbox.com,https://dropbox.com/terms,success,25223
Shopify,https://shopify.com,https://shopify.com/legal/privacy,success,22956
Salesforce,https://salesforce.com,,policy_not_found,0
Indeed,https://indeed.com,,policy_not_found,0
Medium,https://medium.com,https://policy.medium.com/medium-privacy-policy-f03bf92035c9,success,18271
Airbnb,https://airbnb.com,,policy_not_found,0
Adobe,https://adobe.com,,policy_not_found,0
Mozilla,https://mozilla.org,https://mozilla.org/en-US/privacy/websites/cookie-settings/,success,2116
Coursera,https://coursera.org,https://coursera.org/about/privacy,success,40151
Udemy,https://udemy.com,,policy_not_found,0
Flipkart,https://flipkart.com,https://flipkart.com/pages/privacypolicy?otracker=footer_navlinks,success,50023
Walmart,https://walmart.com,https://corporate.walmart.com/privacy-security,success,41922
Target,https://target.com,https://target.com/c/target-privacy-policy/-/N-4sr7p,success,37642
Aliexpress,https://aliexpress.com,https://campaign.aliexpress.com/wow/gcp/app-redirect-terms/index,text_extraction_failed,0
Ikea,https://ikea.com,https://www.ikea.com/global/en/privacy/privacy-cookie-statement/,success,23434
Hulu,https://hulu.com,https://privacy.thewaltdisneycompany.com/en/current-privacy-policy/,success,37568
Canva,https://canva.com,https://www.canva.com/policies/terms-of-use/,success,50023
Bestbuy,https://bestbuy.com,,policy_not_found,0
Pinterest,https://pinterest.com,,policy_not_found,0
Wordpress,https://wordpress.com,https://automattic.com/privacy/,success,50023
Roblox,https://roblox.com,,policy_not_found,0
Fandom,https://fandom.com,https://www.fandom.com/privacy-policy,success,49475
Tumblr,https://tumblr.com,https://tumblr.com/policy/privacy,success,521
Weather,https://weather.com,https://weather.com/en-IN/intl-privacy,success,50023
Zillow,https://zillow.com,,policy_not_found,0
Booking,https://booking.com,https://www.booking.com/content/privacy.html?aid=304142&label=gen173nr-1FCAEoggI46AdIM1gEaGyIAQGYATG4ARfIAQzYAQHoAQH4AQKIAgGoAgO4Aq_t58MGwAIB0gIkMDAzOTRlMzItYzZmNS00ODQzLThlODMtM2JlYjA1MDYyYjVi2AIF4AIB&sid=a8952311a60fc5f3962f6f8ecc823187,success,50023
Udacity,https://udacity.com,,policy_not_found,0
Khanacademy,https://khanacademy.org,,policy_not_found,0
Archive,https://archive.org,,policy_not_found,0
Pluralsight,https://pluralsight.com,https://legal.pluralsight.com/policies?name=privacy-notice,text_extraction_failed,0
Craigslist,https://craigslist.org,https://www.craigslist.org/about/privacy.policy,success,15452
Nyt,https://nyt.com,https://www.nytimes.com/privacy/cookie-policy#how-do-i-manage-trackers,success,12270
Forbes,https://forbes.com,https://www.forbes.com/fdc/privacy.html,text_extraction_failed,0
Bloomberg,https://bloomberg.com,,policy_not_found,0
Nbcnews,https://nbcnews.com,https://www.nbcuniversalprivacy.com/privacy/cookies#accordionheader2,success,10957
Foxnews,https://foxnews.com,https://www.foxnews.com/privacy-policy,success,50023
Usatoday,https://usatoday.com,https://cm.usatoday.com/privacy/,text_extraction_failed,0
Npr,https://npr.org,https://www.npr.org/2025/07/17/nx-s1-5471574/settlement-reached-in-investors-lawsuit-against-meta-ceo-mark-zuckerberg-and-other-company-leaders,success,3351
Wsj,https://wsj.com,,policy_not_found,0
Guardian,https://guardian.co.uk,https://guardian.co.uk/technology/2025/jul/17/mark-zuckerberg-meta-settlement-privacy,success,4400
Reuters,https://reuters.com,https://reuters.com/legal/government/trump-effort-build-food-aid-recipient-database-unlawful-lawmakers-say-2025-07-17/,text_extraction_failed,0
Techcrunch,https://techcrunch.com,https://techcrunch.com/category/privacy/,success,4457
Theverge,https://theverge.com,https://www.voxmedia.com/legal/privacy-notice,success,50023
Wired,https://wired.com,http://www.condenast.com/privacy-policy#privacypolicy,success,50023
Thenextweb,https://thenextweb.com,https://thenextweb.com/privacy-statement ,text_extraction_failed,0
Engadget,https://engadget.com,https://legal.yahoo.com/us/en/yahoo/privacy/index.html,success,18539
Producthunt,https://producthunt.com,https://producthunt.com/legal#privacy,success,50023
Behance,https://behance.net,,policy_not_found,0
Dribbble,https://dribbble.com,https://dribbble.com/privacy,success,50023
Pexels,https://pexels.com,,policy_not_found,0
Unsplash,https://unsplash.com,https://unsplash.com/privacy,success,50023
Deviantart,https://deviantart.com,https://www.deviantart.com/about/policy/privacy,success,50023
Pixabay,https://pixabay.com,https://pixabay.com/service/privacy/,success,50023
Slack,https://slack.com,https://slack.com/intl/en-in/trust/privacy/privacy-policy,text_extraction_failed,0
Trello,https://trello.com,https://www.atlassian.com/legal/privacy-policy,success,50023
Asana,https://asana.com,https://asana.com/privacy,success,15334
Notion,https://notion.so,https://www.notion.so/28ffdd083dc3473e9c2da6ec011b58ac,text_extraction_failed,0
Figma,https://figma.com,https://www.figma.com/legal/,success,586
Invisionapp,https://invisionapp.com,https://miro.com/legal/privacy-policy/,success,31966
Discord,https://discord.com,https://discord.com/safety-privacy,success,17938
Steamcommunity,https://steamcommunity.com,https://store.steampowered.com/privacy_agreement/,success,29863
Sketch,https://sketch.com,,policy_not_found,0
Epicgames,https://epicgames.com,,policy_not_found,0
Origin,https://origin.com,http://www.ea.com/legal,success,976
Itch,https://itch.io,https://itch.io/docs/legal/privacy-policy,success,50023
Ea,https://ea.com,http://www.ea.com/legal,success,976
Rockstargames,https://rockstargames.com,,policy_not_found,0
Gog,https://gog.com,https://support.gog.com/hc/articles/212632109-Privacy-Policy?product=gog,success,30533
Twitch,https://twitch.tv,,policy_not_found,0
Riotgames,https://riotgames.com,https://riotgames.com/en/candidate-privacy,success,18333
Kick,https://kick.com,https://kick.com/privacy-policy,success,45738
Blizzard,https://blizzard.com,,policy_not_found,0
