Company,Website,URL,Status
Google,https://google.com,https://google.com/intl/en/policies/privacy/,text_too_short
Youtube,https://youtube.com,https://youtube.com/t/privacy,success
Facebook,https://facebook.com,https://www.facebook.com/recover/initiate/?privacy_mutation_token=eyJ0eXBlIjowLCJjcmVhdGlvbl90aW1lIjoxNzUyODIyNzExLCJjYWxsc2l0ZV9pZCI6MzgxMjI5MDc5NTc1OTQ2fQ%3D%3D&ars=facebook_login&next,success
Wikipedia,https://wikipedia.org,https://foundation.wikimedia.org/wiki/Special:MyLanguage/Policy:Privacy_policy,success
Twitter,https://twitter.com,,not_found
Amazon,https://amazon.com,https://amazon.com/gp/help/customer/display.html?nodeId=468496&ref_=footer_privacy,success
Instagram,https://instagram.com,,not_found
Apple,https://apple.com,https://apple.com/privacy/,success
Linkedin,https://linkedin.com,https://linkedin.com/legal/privacy-policy?trk=linkedin-tc_auth-button_privacy-policy,success
Microsoft,https://microsoft.com,,not_found
Whatsapp,https://whatsapp.com,https://www.whatsapp.com/privacy,success
Netflix,https://netflix.com,https://help.netflix.com/legal/privacy,success
Reddit,https://reddit.com,https://www.reddit.com/policies/privacy-policy,success
Tiktok,https://tiktok.com,,not_found
Yahoo,https://yahoo.com,https://guce.yahoo.com/privacy-policy?locale=en-US,success
Bing,https://bing.com,,not_found
Live,https://live.com,,not_found
Office,https://office.com,https://privacy.microsoft.com/en-us,text_too_short
Zoom,https://zoom.us,,not_found
Ebay,https://ebay.com,https://www.ebay.com/help/policies/member-behaviour-policies/user-privacy-notice-privacy-policy?id=4260,success
Stackoverflow,https://stackoverflow.com,https://stackoverflow.com/legal/privacy-policy,success
Spotify,https://spotify.com,,not_found
Cnn,https://cnn.com,https://cnn.com/2025/07/16/tech/facebook-privacy-practices-trial-zuckerberg,success
Bbc,https://bbc.com,https://bbc.com/news/articles/cx2jmledvr3o,success
Quora,https://quora.com,,not_found
Imdb,https://imdb.com,https://imdb.com/privacy/?ref_=hm_ftr,success
Paypal,https://paypal.com,https://www.paypal.com/myaccount/privacy/cookiePrefs,text_too_short
Dropbox,https://dropbox.com,https://dropbox.com/terms,success
Salesforce,https://salesforce.com,,not_found
Shopify,https://shopify.com,https://shopify.com/legal/privacy,success
Indeed,https://indeed.com,,not_found
Medium,https://medium.com,https://policy.medium.com/medium-privacy-policy-f03bf92035c9,success
Mozilla,https://mozilla.org,https://mozilla.org/en-US/privacy/websites/cookie-settings/,success
Airbnb,https://airbnb.com,,not_found
Udemy,https://udemy.com,,not_found
Coursera,https://coursera.org,https://coursera.org/about/privacy,success
Flipkart,https://flipkart.com,,not_found
Walmart,https://walmart.com,https://corporate.walmart.com/privacy-security,success
Adobe,https://adobe.com,,not_found
Target,https://target.com,https://target.com/c/target-privacy-policy/-/N-4sr7p,success
Ikea,https://ikea.com,https://www.ikea.com/global/en/privacy/privacy-cookie-statement/,success
Aliexpress,https://aliexpress.com,https://campaign.aliexpress.com/wow/gcp/app-redirect-terms/index,text_too_short
Roblox,https://roblox.com,,not_found
Canva,https://canva.com,,not_found
Hulu,https://hulu.com,https://privacy.thewaltdisneycompany.com/en/current-privacy-policy/,success
Pinterest,https://pinterest.com,,not_found
Wordpress,https://wordpress.com,https://automattic.com/privacy/,success
Fandom,https://fandom.com,https://www.fandom.com/privacy-policy,success
Tumblr,https://tumblr.com,https://tumblr.com/policy/privacy,success
Weather,https://weather.com,https://weather.com/en-IN/intl-privacy,success
Zillow,https://zillow.com,,not_found
Booking,https://booking.com,https://www.booking.com/content/privacy.html,success
Bestbuy,https://bestbuy.com,,not_found
Udacity,https://udacity.com,,not_found
Khanacademy,https://khanacademy.org,,not_found
Archive,https://archive.org,,not_found
Nbcnews,https://nbcnews.com,https://www.nbcuniversalprivacy.com/privacy/cookies#accordionheader2,success
Nyt,https://nyt.com,https://www.nytimes.com/privacy/cookie-policy#how-do-i-manage-trackers,success
Craigslist,https://craigslist.org,https://www.craigslist.org/about/privacy.policy,success
Pluralsight,https://pluralsight.com,https://legal.pluralsight.com/policies?name=privacy-notice,text_too_short
Bloomberg,https://bloomberg.com,,not_found
Forbes,https://forbes.com,https://www.forbes.com/fdc/privacy.html,text_too_short
Npr,https://npr.org,https://www.npr.org/2025/07/17/nx-s1-5471574/settlement-reached-in-investors-lawsuit-against-meta-ceo-mark-zuckerberg-and-other-company-leaders,success
Usatoday,https://usatoday.com,https://cm.usatoday.com/privacy,text_too_short
Wsj,https://wsj.com,,not_found
Foxnews,https://foxnews.com,https://www.foxnews.com/privacy-policy,success
Reuters,https://reuters.com,,not_found
Guardian,https://guardian.co.uk,https://guardian.co.uk/technology/2025/jul/17/mark-zuckerberg-meta-settlement-privacy,success
Techcrunch,https://techcrunch.com,https://techcrunch.com/category/privacy/,success
Theverge,https://theverge.com,https://www.voxmedia.com/legal/privacy-notice,success
Wired,https://wired.com,http://www.condenast.com/privacy-policy#privacypolicy,success
Engadget,https://engadget.com,https://legal.yahoo.com/us/en/yahoo/privacy/index.html,success
Thenextweb,https://thenextweb.com,https://thenextweb.com/privacy-statement ,text_too_short
Producthunt,https://producthunt.com,https://producthunt.com/legal#privacy,success
Behance,https://behance.net,,not_found
Dribbble,https://dribbble.com,https://dribbble.com/privacy,success
Unsplash,https://unsplash.com,https://unsplash.com/privacy,success
Pexels,https://pexels.com,,not_found
Pixabay,https://pixabay.com,,not_found
Deviantart,https://deviantart.com,https://www.deviantart.com/about/policy/privacy,success
Trello,https://trello.com,https://www.atlassian.com/legal/privacy-policy,success
Slack,https://slack.com,https://slack.com/intl/en-in/trust/privacy/privacy-policy,success
Asana,https://asana.com,https://asana.com/privacy,success
Notion,https://notion.so,https://www.notion.so/28ffdd083dc3473e9c2da6ec011b58ac,text_too_short
Discord,https://discord.com,https://discord.com/safety-privacy,success
Invisionapp,https://invisionapp.com,https://miro.com/legal/privacy-policy/,success
Figma,https://figma.com,https://www.figma.com/legal/,success
Sketch,https://sketch.com,,not_found
Steamcommunity,https://steamcommunity.com,https://store.steampowered.com/privacy_agreement/,success
Epicgames,https://epicgames.com,,not_found
Origin,https://origin.com,http://www.ea.com/legal,success
Rockstargames,https://rockstargames.com,,not_found
Itch,https://itch.io,https://itch.io/docs/legal/privacy-policy,success
Gog,https://gog.com,https://support.gog.com/hc/articles/212632109-Privacy-Policy?product=gog,success
Ea,https://ea.com,http://www.ea.com/legal,success
Riotgames,https://riotgames.com,https://riotgames.com/en/candidate-privacy,success
Twitch,https://twitch.tv,,not_found
Kick,https://kick.com,https://kick.com/privacy-policy,success
Blizzard,https://blizzard.com,,not_found
